{
  "id": 4361,
  "name": "Abruzzo",
  "state_code": "65",
  "cities": [
    {
      "id": 124604,
      "name": "Abbateggio"
    },
    {
      "id": 124605,
      "name": "Acciano"
    },
    {
      "id": 124606,
      "name": "Aielli"
    },
    {
      "id": 124607,
      "name": "Alanno"
    },
    {
      "id": 124608,
      "name": "Alba Adriatica"
    },
    {
      "id": 124609,
      "name": "Alfedena"
    },
    {
      "id": 124610,
      "name": "Altino"
    },
    {
      "id": 124611,
      "name": "Ancarano"
    },
    {
      "id": 124612,
      "name": "Anversa degli Abruzzi"
    },
    {
      "id": 124613,
      "name": "Archi"
    },
    {
      "id": 124614,
      "name": "Ari"
    },
    {
      "id": 124615,
      "name": "Arielli"
    },
    {
      "id": 124616,
      "name": "Arsita"
    },
    {
      "id": 124617,
      "name": "Ateleta"
    },
    {
      "id": 124618,
      "name": "Atessa"
    },
    {
      "id": 124619,
      "name": "Atri"
    },
    {
      "id": 124620,
      "name": "Avezzano"
    },
    {
      "id": 124621,
      "name": "Balsorano"
    },
    {
      "id": 124622,
      "name": "Balsorano Nuovo"
    },
    {
      "id": 124623,
      "name": "Barberi"
    },
    {
      "id": 124624,
      "name": "Barete"
    },
    {
      "id": 124625,
      "name": "Barisciano"
    },
    {
      "id": 124626,
      "name": "Barrea"
    },
    {
      "id": 124627,
      "name": "Basciano"
    },
    {
      "id": 124628,
      "name": "Bellante"
    },
    {
      "id": 124629,
      "name": "Bellante Stazione"
    },
    {
      "id": 124630,
      "name": "Bisegna"
    },
    {
      "id": 124631,
      "name": "Bisenti"
    },
    {
      "id": 124632,
      "name": "Bolognano"
    },
    {
      "id": 124633,
      "name": "Bomba"
    },
    {
      "id": 124634,
      "name": "Borgo Santa Maria Immacolata"
    },
    {
      "id": 124635,
      "name": "Borrello"
    },
    {
      "id": 124636,
      "name": "Brittoli"
    },
    {
      "id": 124637,
      "name": "Bucchianico"
    },
    {
      "id": 124638,
      "name": "Bugnara"
    },
    {
      "id": 124639,
      "name": "Bussi sul Tirino"
    },
    {
      "id": 124640,
      "name": "Cagnano Amiterno"
    },
    {
      "id": 124641,
      "name": "Calascio"
    },
    {
      "id": 124642,
      "name": "Campli"
    },
    {
      "id": 124643,
      "name": "Campo di Giove"
    },
    {
      "id": 124644,
      "name": "Campotosto"
    },
    {
      "id": 124645,
      "name": "Canistro Inferiore"
    },
    {
      "id": 124646,
      "name": "Canosa Sannita"
    },
    {
      "id": 124647,
      "name": "Cansano"
    },
    {
      "id": 124648,
      "name": "Canzano"
    },
    {
      "id": 124649,
      "name": "Capestrano"
    },
    {
      "id": 124650,
      "name": "Capistrello"
    },
    {
      "id": 124651,
      "name": "Capitignano"
    },
    {
      "id": 124652,
      "name": "Caporciano"
    },
    {
      "id": 124653,
      "name": "Cappadocia"
    },
    {
      "id": 124654,
      "name": "Cappelle sul Tavo"
    },
    {
      "id": 124655,
      "name": "Caramanico Terme"
    },
    {
      "id": 124656,
      "name": "Carapelle Calvisio"
    },
    {
      "id": 124657,
      "name": "Carpineto della Nora"
    },
    {
      "id": 124658,
      "name": "Carpineto Sinello"
    },
    {
      "id": 124659,
      "name": "Carsoli"
    },
    {
      "id": 124660,
      "name": "Carunchio"
    },
    {
      "id": 124661,
      "name": "Casacanditella"
    },
    {
      "id": 124662,
      "name": "Casalanguida"
    },
    {
      "id": 124663,
      "name": "Casalbordino-Miracoli"
    },
    {
      "id": 124664,
      "name": "Casalincontrada"
    },
    {
      "id": 124665,
      "name": "Casoli"
    },
    {
      "id": 124666,
      "name": "Castel Castagna"
    },
    {
      "id": 124667,
      "name": "Castel del Monte"
    },
    {
      "id": 124668,
      "name": "Castel di Ieri"
    },
    {
      "id": 124669,
      "name": "Castel di Sangro"
    },
    {
      "id": 124670,
      "name": "Castel Frentano"
    },
    {
      "id": 124671,
      "name": "Castelguidone"
    },
    {
      "id": 124672,
      "name": "Castellafiume"
    },
    {
      "id": 124673,
      "name": "Castellalto"
    },
    {
      "id": 124674,
      "name": "Castelli"
    },
    {
      "id": 124675,
      "name": "Castelnuovo Vomano"
    },
    {
      "id": 124676,
      "name": "Castelvecchio Calvisio"
    },
    {
      "id": 124677,
      "name": "Castelvecchio Subequo"
    },
    {
      "id": 124678,
      "name": "Castiglione a Casauria"
    },
    {
      "id": 124679,
      "name": "Castiglione Messer Marino"
    },
    {
      "id": 124680,
      "name": "Castiglione Messer Raimondo"
    },
    {
      "id": 124681,
      "name": "Castilenti"
    },
    {
      "id": 124682,
      "name": "Catignano"
    },
    {
      "id": 124683,
      "name": "Celano"
    },
    {
      "id": 124684,
      "name": "Celenza sul Trigno"
    },
    {
      "id": 124685,
      "name": "Cellino Attanasio"
    },
    {
      "id": 124686,
      "name": "Cepagatti"
    },
    {
      "id": 124687,
      "name": "Cerchio"
    },
    {
      "id": 124688,
      "name": "Cermignano"
    },
    {
      "id": 124689,
      "name": "Cerratina"
    },
    {
      "id": 124690,
      "name": "Chieti"
    },
    {
      "id": 124691,
      "name": "Città Sant'Angelo"
    },
    {
      "id": 124692,
      "name": "Civita d'Antino"
    },
    {
      "id": 124693,
      "name": "Civitaluparella"
    },
    {
      "id": 124694,
      "name": "Civitaquana"
    },
    {
      "id": 124695,
      "name": "Civitella Alfedena"
    },
    {
      "id": 124696,
      "name": "Civitella Casanova"
    },
    {
      "id": 124697,
      "name": "Civitella del Tronto"
    },
    {
      "id": 124698,
      "name": "Civitella Messer Raimondo"
    },
    {
      "id": 124699,
      "name": "Civitella Roveto"
    },
    {
      "id": 124700,
      "name": "Cocullo"
    },
    {
      "id": 124701,
      "name": "Collarmele"
    },
    {
      "id": 124702,
      "name": "Collecorvino"
    },
    {
      "id": 124703,
      "name": "Colledara"
    },
    {
      "id": 124704,
      "name": "Colledimacine"
    },
    {
      "id": 124705,
      "name": "Colledimezzo"
    },
    {
      "id": 124706,
      "name": "Collelongo"
    },
    {
      "id": 124707,
      "name": "Collepietro"
    },
    {
      "id": 124708,
      "name": "Colleranesco"
    },
    {
      "id": 124709,
      "name": "Cologna Spiaggia"
    },
    {
      "id": 124710,
      "name": "Colonnella"
    },
    {
      "id": 124711,
      "name": "Cominio"
    },
    {
      "id": 124712,
      "name": "Controguerra"
    },
    {
      "id": 124713,
      "name": "Coppito"
    },
    {
      "id": 124714,
      "name": "Corfinio"
    },
    {
      "id": 124715,
      "name": "Corropoli"
    },
    {
      "id": 124716,
      "name": "Cortino"
    },
    {
      "id": 124717,
      "name": "Corvara"
    },
    {
      "id": 124718,
      "name": "Crecchio"
    },
    {
      "id": 124719,
      "name": "Crognaleto"
    },
    {
      "id": 124720,
      "name": "Cugnoli"
    },
    {
      "id": 124721,
      "name": "Cupello"
    },
    {
      "id": 124722,
      "name": "Dogliola"
    },
    {
      "id": 124723,
      "name": "Elice"
    },
    {
      "id": 124724,
      "name": "Fallo"
    },
    {
      "id": 124725,
      "name": "Fano Adriano"
    },
    {
      "id": 124726,
      "name": "Fara Filiorum Petri"
    },
    {
      "id": 124727,
      "name": "Fara San Martino"
    },
    {
      "id": 124728,
      "name": "Farindola"
    },
    {
      "id": 124729,
      "name": "Filetto"
    },
    {
      "id": 124730,
      "name": "Fonte Umano-San Martino Alta"
    },
    {
      "id": 124731,
      "name": "Fontecchio"
    },
    {
      "id": 124732,
      "name": "Fossa"
    },
    {
      "id": 124733,
      "name": "Fossacesia"
    },
    {
      "id": 124734,
      "name": "Fraine"
    },
    {
      "id": 124735,
      "name": "Francavilla al Mare"
    },
    {
      "id": 124736,
      "name": "Fresagrandinaria"
    },
    {
      "id": 124737,
      "name": "Frisa"
    },
    {
      "id": 124738,
      "name": "Furci"
    },
    {
      "id": 124739,
      "name": "Gagliano Aterno"
    },
    {
      "id": 124740,
      "name": "Gamberale"
    },
    {
      "id": 124741,
      "name": "Gessopalena"
    },
    {
      "id": 124742,
      "name": "Gioia dei Marsi"
    },
    {
      "id": 124743,
      "name": "Gissi"
    },
    {
      "id": 124744,
      "name": "Giuliano Teatino"
    },
    {
      "id": 124745,
      "name": "Giulianova"
    },
    {
      "id": 124746,
      "name": "Goriano Sicoli"
    },
    {
      "id": 124747,
      "name": "Guardiagrele"
    },
    {
      "id": 124748,
      "name": "Guilmi"
    },
    {
      "id": 124749,
      "name": "Imposte"
    },
    {
      "id": 124750,
      "name": "Introdacqua"
    },
    {
      "id": 124751,
      "name": "Isola del Gran Sasso d'Italia"
    },
    {
      "id": 124752,
      "name": "L'Aquila"
    },
    {
      "id": 124753,
      "name": "Lama dei Peligni"
    },
    {
      "id": 124754,
      "name": "Lanciano"
    },
    {
      "id": 124755,
      "name": "Lecce Nei Marsi"
    },
    {
      "id": 124756,
      "name": "Lentella"
    },
    {
      "id": 124757,
      "name": "Lettomanoppello"
    },
    {
      "id": 124758,
      "name": "Lettopalena"
    },
    {
      "id": 124759,
      "name": "Liscia"
    },
    {
      "id": 124760,
      "name": "Loreto Aprutino"
    },
    {
      "id": 124761,
      "name": "Luco dei Marsi"
    },
    {
      "id": 124762,
      "name": "Lucoli"
    },
    {
      "id": 124763,
      "name": "Magliano De'Marsi"
    },
    {
      "id": 124764,
      "name": "Manoppello"
    },
    {
      "id": 124765,
      "name": "Manoppello Scalo"
    },
    {
      "id": 124766,
      "name": "Marina di San Vito"
    },
    {
      "id": 124767,
      "name": "Marina di Vasto"
    },
    {
      "id": 124768,
      "name": "Martinsicuro"
    },
    {
      "id": 124769,
      "name": "Massa d'Albe-Corona"
    },
    {
      "id": 124770,
      "name": "Miglianico"
    },
    {
      "id": 124771,
      "name": "Molina Aterno"
    },
    {
      "id": 124772,
      "name": "Montazzoli"
    },
    {
      "id": 124773,
      "name": "Montebello di Bertona"
    },
    {
      "id": 124774,
      "name": "Montebello sul Sangro"
    },
    {
      "id": 124775,
      "name": "Monteferrante"
    },
    {
      "id": 124776,
      "name": "Montefino"
    },
    {
      "id": 124777,
      "name": "Montelapiano"
    },
    {
      "id": 124778,
      "name": "Montenerodomo"
    },
    {
      "id": 124779,
      "name": "Monteodorisio"
    },
    {
      "id": 124780,
      "name": "Montereale"
    },
    {
      "id": 124781,
      "name": "Montesilvano Marina"
    },
    {
      "id": 124782,
      "name": "Monticchio"
    },
    {
      "id": 124783,
      "name": "Montorio al Vomano"
    },
    {
      "id": 124784,
      "name": "Morino"
    },
    {
      "id": 124785,
      "name": "Morro d'Oro"
    },
    {
      "id": 124786,
      "name": "Mosciano Sant'Angelo"
    },
    {
      "id": 124787,
      "name": "Moscufo"
    },
    {
      "id": 124788,
      "name": "Mozzagrogna"
    },
    {
      "id": 124789,
      "name": "Navelli"
    },
    {
      "id": 124790,
      "name": "Nepezzano"
    },
    {
      "id": 124791,
      "name": "Nereto"
    },
    {
      "id": 124792,
      "name": "Nerito"
    },
    {
      "id": 124793,
      "name": "Nocciano"
    },
    {
      "id": 124794,
      "name": "Notaresco"
    },
    {
      "id": 124795,
      "name": "Nucleo Industriale di Bazzano"
    },
    {
      "id": 124796,
      "name": "Ofena"
    },
    {
      "id": 124797,
      "name": "Opi"
    },
    {
      "id": 124798,
      "name": "Oricola"
    },
    {
      "id": 124799,
      "name": "Orsogna"
    },
    {
      "id": 124800,
      "name": "Ortona"
    },
    {
      "id": 124801,
      "name": "Ortona dei Marsi"
    },
    {
      "id": 124802,
      "name": "Ortucchio"
    },
    {
      "id": 124803,
      "name": "Ovindoli"
    },
    {
      "id": 124804,
      "name": "Pacentro"
    },
    {
      "id": 124805,
      "name": "Paganica-Tempera"
    },
    {
      "id": 124806,
      "name": "Pagliare"
    },
    {
      "id": 124807,
      "name": "Paglieta"
    },
    {
      "id": 124808,
      "name": "Palena"
    },
    {
      "id": 124809,
      "name": "Palmoli"
    },
    {
      "id": 124810,
      "name": "Palombaro"
    },
    {
      "id": 124811,
      "name": "Penna Sant'Andrea"
    },
    {
      "id": 124812,
      "name": "Pennadomo"
    },
    {
      "id": 124813,
      "name": "Pennapiedimonte"
    },
    {
      "id": 124814,
      "name": "Penne"
    },
    {
      "id": 124815,
      "name": "Perano"
    },
    {
      "id": 124816,
      "name": "Pereto"
    },
    {
      "id": 124817,
      "name": "Pescara"
    },
    {
      "id": 124818,
      "name": "Pescasseroli"
    },
    {
      "id": 124819,
      "name": "Pescina"
    },
    {
      "id": 124820,
      "name": "Pescocostanzo"
    },
    {
      "id": 124821,
      "name": "Pescosansonesco Nuovo"
    },
    {
      "id": 124822,
      "name": "Pettorano sul Gizio"
    },
    {
      "id": 124823,
      "name": "Pianella"
    },
    {
      "id": 124824,
      "name": "Pianola"
    },
    {
      "id": 124825,
      "name": "Pianura Vomano"
    },
    {
      "id": 124826,
      "name": "Picciano"
    },
    {
      "id": 124827,
      "name": "Pietracamela"
    },
    {
      "id": 124828,
      "name": "Pietraferrazzana"
    },
    {
      "id": 124829,
      "name": "Pietranico"
    },
    {
      "id": 124830,
      "name": "Pineto"
    },
    {
      "id": 124831,
      "name": "Pizzoferrato"
    },
    {
      "id": 124832,
      "name": "Pizzoli"
    },
    {
      "id": 124833,
      "name": "Poggio Picenze"
    },
    {
      "id": 124834,
      "name": "Poggiofiorito"
    },
    {
      "id": 124835,
      "name": "Pollutri"
    },
    {
      "id": 124836,
      "name": "Popoli"
    },
    {
      "id": 124837,
      "name": "Prata d'Ansidonia"
    },
    {
      "id": 124838,
      "name": "Pratola Peligna"
    },
    {
      "id": 124839,
      "name": "Pretoro"
    },
    {
      "id": 124840,
      "name": "Preturo"
    },
    {
      "id": 124841,
      "name": "Prezza"
    },
    {
      "id": 124842,
      "name": "Progetto Case Bazzano"
    },
    {
      "id": 124843,
      "name": "Progetto Case Coppito 3"
    },
    {
      "id": 124844,
      "name": "Progetto Case Sassa Nsi"
    },
    {
      "id": 124845,
      "name": "Provincia dell' Aquila"
    },
    {
      "id": 124846,
      "name": "Provincia di Chieti"
    },
    {
      "id": 124847,
      "name": "Provincia di Pescara"
    },
    {
      "id": 124848,
      "name": "Provincia di Teramo"
    },
    {
      "id": 124849,
      "name": "Quadri"
    },
    {
      "id": 124850,
      "name": "Raiano"
    },
    {
      "id": 124851,
      "name": "Rapino"
    },
    {
      "id": 124852,
      "name": "Ripa Teatina"
    },
    {
      "id": 124853,
      "name": "Rivisondoli"
    },
    {
      "id": 124854,
      "name": "Rocca di Botte"
    },
    {
      "id": 124855,
      "name": "Rocca di Cambio"
    },
    {
      "id": 124856,
      "name": "Rocca di Mezzo"
    },
    {
      "id": 124857,
      "name": "Rocca Pia"
    },
    {
      "id": 124858,
      "name": "Rocca San Giovanni"
    },
    {
      "id": 124859,
      "name": "Roccacasale"
    },
    {
      "id": 124860,
      "name": "Roccamorice"
    },
    {
      "id": 124861,
      "name": "Roccaraso"
    },
    {
      "id": 124862,
      "name": "Roccascalegna"
    },
    {
      "id": 124863,
      "name": "Roccaspinalveti-Santa Giusta"
    },
    {
      "id": 124864,
      "name": "Roccavivi"
    },
    {
      "id": 124865,
      "name": "Roio del Sangro"
    },
    {
      "id": 124866,
      "name": "Rosciano"
    },
    {
      "id": 124867,
      "name": "Rosello"
    },
    {
      "id": 124868,
      "name": "Roseto degli Abruzzi"
    },
    {
      "id": 124869,
      "name": "Salino"
    },
    {
      "id": 124870,
      "name": "Salle"
    },
    {
      "id": 124871,
      "name": "Salvo Marina"
    },
    {
      "id": 124872,
      "name": "Sambuceto"
    },
    {
      "id": 124873,
      "name": "San Benedetto dei Marsi"
    },
    {
      "id": 124874,
      "name": "San Benedetto in Perillis"
    },
    {
      "id": 124875,
      "name": "San Buono"
    },
    {
      "id": 124876,
      "name": "San Demetrio Ne' Vestini"
    },
    {
      "id": 124877,
      "name": "San Giovanni Lipioni"
    },
    {
      "id": 124878,
      "name": "San Martino Bassa"
    },
    {
      "id": 124879,
      "name": "San Martino sulla Marrucina"
    },
    {
      "id": 124880,
      "name": "San Nicolò a Tordino"
    },
    {
      "id": 124881,
      "name": "San Panfilo d'Ocre"
    },
    {
      "id": 124882,
      "name": "San Pio delle Camere"
    },
    {
      "id": 124883,
      "name": "San Rocco"
    },
    {
      "id": 124884,
      "name": "San Salvo"
    },
    {
      "id": 124885,
      "name": "San Valentino in Abruzzo Citeriore"
    },
    {
      "id": 124886,
      "name": "San Vincenzo Valle Roveto"
    },
    {
      "id": 124887,
      "name": "San Vito Chietino"
    },
    {
      "id": 124888,
      "name": "Sant'Egidio alla Vibrata"
    },
    {
      "id": 124889,
      "name": "Sant'Eufemia a Maiella"
    },
    {
      "id": 124890,
      "name": "Sant'Eusanio del Sangro"
    },
    {
      "id": 124891,
      "name": "Sant'Eusanio Forconese"
    },
    {
      "id": 124892,
      "name": "Sant'Omero"
    },
    {
      "id": 124893,
      "name": "Santa Maria Imbaro"
    },
    {
      "id": 124894,
      "name": "Santa Teresa"
    },
    {
      "id": 124895,
      "name": "Sante Marie"
    },
    {
      "id": 124896,
      "name": "Santo Stefano di Sessanio"
    },
    {
      "id": 124897,
      "name": "Sassa"
    },
    {
      "id": 124898,
      "name": "Scafa"
    },
    {
      "id": 124899,
      "name": "Scanno"
    },
    {
      "id": 124900,
      "name": "Scerne"
    },
    {
      "id": 124901,
      "name": "Scerni"
    },
    {
      "id": 124902,
      "name": "Schiavi di Abruzzo"
    },
    {
      "id": 124903,
      "name": "Scontrone"
    },
    {
      "id": 124904,
      "name": "Scoppito"
    },
    {
      "id": 124905,
      "name": "Scurcola Marsicana"
    },
    {
      "id": 124906,
      "name": "Secinaro"
    },
    {
      "id": 124907,
      "name": "Selva"
    },
    {
      "id": 124908,
      "name": "Serramonacesca"
    },
    {
      "id": 124909,
      "name": "Silvi"
    },
    {
      "id": 124910,
      "name": "Spoltore"
    },
    {
      "id": 124911,
      "name": "Sulmona"
    },
    {
      "id": 124912,
      "name": "Tagliacozzo"
    },
    {
      "id": 124913,
      "name": "Taranta Peligna"
    },
    {
      "id": 124914,
      "name": "Teramo"
    },
    {
      "id": 124915,
      "name": "Tione degli Abruzzi"
    },
    {
      "id": 124916,
      "name": "Tocco da Casauria"
    },
    {
      "id": 124917,
      "name": "Tollo"
    },
    {
      "id": 124918,
      "name": "Torano Nuovo"
    },
    {
      "id": 124919,
      "name": "Torino di Sangro"
    },
    {
      "id": 124920,
      "name": "Tornareccio"
    },
    {
      "id": 124921,
      "name": "Tornimparte"
    },
    {
      "id": 124922,
      "name": "Torre de' Passeri"
    },
    {
      "id": 124923,
      "name": "Torrebruna"
    },
    {
      "id": 124924,
      "name": "Torrevecchia"
    },
    {
      "id": 124925,
      "name": "Torricella"
    },
    {
      "id": 124926,
      "name": "Torricella Peligna"
    },
    {
      "id": 124927,
      "name": "Tortoreto"
    },
    {
      "id": 124928,
      "name": "Tortoreto Lido"
    },
    {
      "id": 124929,
      "name": "Tossicia"
    },
    {
      "id": 124930,
      "name": "Trasacco"
    },
    {
      "id": 124931,
      "name": "Treglio"
    },
    {
      "id": 124932,
      "name": "Tufillo"
    },
    {
      "id": 124933,
      "name": "Turrivalignani"
    },
    {
      "id": 124934,
      "name": "Vacri"
    },
    {
      "id": 124935,
      "name": "Valle Castellana"
    },
    {
      "id": 124936,
      "name": "Vallecupa"
    },
    {
      "id": 124937,
      "name": "Vasto"
    },
    {
      "id": 124938,
      "name": "Vicoli"
    },
    {
      "id": 124939,
      "name": "Villa Caldari"
    },
    {
      "id": 124940,
      "name": "Villa Celiera"
    },
    {
      "id": 124941,
      "name": "Villa Lempa"
    },
    {
      "id": 124942,
      "name": "Villa Raspa"
    },
    {
      "id": 124943,
      "name": "Villa Rosa"
    },
    {
      "id": 124944,
      "name": "Villa Sant'Angelo"
    },
    {
      "id": 124945,
      "name": "Villa Santa Lucia degli Abruzzi"
    },
    {
      "id": 124946,
      "name": "Villa Santa Maria"
    },
    {
      "id": 124947,
      "name": "Villagrande"
    },
    {
      "id": 124948,
      "name": "Villalago"
    },
    {
      "id": 124949,
      "name": "Villalfonsina"
    },
    {
      "id": 124950,
      "name": "Villamagna"
    },
    {
      "id": 124951,
      "name": "Villanova"
    },
    {
      "id": 124952,
      "name": "Villavallelonga"
    },
    {
      "id": 124953,
      "name": "Villetta Barrea"
    },
    {
      "id": 124954,
      "name": "Vittorito"
    }
  ]
}